{
    "geography": "The Earth of 200,000 years ago is a world of extremes\u2014vast primordial jungles stretching across continents, towering mountain ranges still actively forming, and pristine oceans untouched by civilization. The climate oscillates between ice ages and warming periods, with the equatorial regions maintaining dense tropical forests that serve as the primary setting for humanity's earliest struggles. The atmosphere contains higher oxygen levels than modern Earth, supporting larger fauna and more vibrant vegetation. {\"The Edin Basin\": \"A massive fertile valley located in what will become Mesopotamia, serving as the primary Anunnaki mining and human breeding operation. The basin is artificially irrigated through advanced alien engineering, creating an oasis of controlled agriculture surrounded by harsh desert. Underground gold deposits run deep beneath the surface, accessed through vast mining complexes that extend miles into the Earth's crust.\", \"The Primordial Jungle\": \"An uncharted wilderness spanning from central Africa through Southeast Asia, this endless canopy of ancient trees reaches heights of 300 feet in some areas. Rivers wider than modern highways snake through the undergrowth, home to species that will become extinct long before human memory. This is Enkidu's domain\\u2014a place the Anunnaki have deemed too resource-poor to colonize, making it the last refuge of free humanity.\", \"The Flood Plains\": \"Coastal regions and river deltas that will later be devastated by Anunnaki orbital bombardment. These areas support the largest human populations outside of slavery, primitive fishing communities that have developed rudimentary boat-building and tool-making independent of alien intervention.\", \"The High Places\": \"Mountain ranges including proto-Himalayan peaks and African highlands where rebel Anunnaki have established hidden bases. The thin atmosphere at these elevations is uncomfortable for most aliens but provides natural defense against detection.\"} The planet experiences dramatic seasonal shifts, with monsoon systems that can flood entire regions for months. The Anunnaki have begun subtle atmospheric manipulation to increase gold extraction efficiency, inadvertently triggering climate instabilities that will later be weaponized. Volcanic activity is more common than in modern times, with the Pacific Ring of Fire in constant rumbling motion.",
    "culture_and_society": "{\"overview\": \"Anunnaki civilization is rigidly hierarchical, built upon genetic purity and technological supremacy. Their society has existed for millions of years, achieving near-immortality through genetic modification and advanced medicine, but this longevity has bred stagnation, cruelty, and a profound disconnection from empathy. They view themselves as gods\\u2014not metaphorically, but literally, as beings whose technological mastery places them beyond the moral considerations that govern lesser species.\", \"social_structure\": \"At the apex sits King Anu, whose word is absolute law across the Anunnaki empire spanning multiple star systems. Below him are the Royal Houses\\u2014families of pure bloodline who control various aspects of imperial governance. The scientific caste manages genetic engineering and technology, while the military caste enforces order. At the bottom are the 'Igigi'\\u2014Anunnaki workers who once performed manual labor before humanity's creation, now serving as overseers and middle management for human operations.\", \"values\": \"Anunnaki culture prizes order, control, and genetic perfection above all else. Emotional attachment is considered a weakness, and relationships are primarily political or reproductive arrangements. Art exists but is formulaic, their music mathematically precise but soulless. They have conquered death but lost the ability to truly live, making Inanna's emotional awakening a profound aberration in their society.\", \"treatment_of_humans\": \"Humans are classified as 'Lulu'\\u2014primitive workers, biological machines created for a specific purpose. They are bred in facilities, genetically modified for docility and physical endurance, and terminated when no longer useful. The concept of human rights is not merely rejected but incomprehensible to most Anunnaki\\u2014one does not grant rights to tools.\"} {\"enslaved_populations\": \"Humans in Anunnaki mining operations live in controlled dormitories, their lives regulated from birth to death. They are given basic language for following commands, fed nutritional paste, and worked in shifts until their bodies fail. Reproduction is controlled through breeding programs designed to optimize worker efficiency. Despite this, humans have begun developing secret traditions\\u2014hand signals, hidden songs, and oral histories passed in whispers that speak of a time before the 'sky gods.'\", \"free_populations\": \"In the jungles and remote regions, small bands of escaped humans or those who were never captured live in primitive but free communities. They have developed animistic beliefs, seeing spirits in nature and fearing the 'fire that falls from heaven.' Enkidu's ape-raised existence represents the extreme of human adaptation\\u2014a complete rejection of language-based culture in favor of pure instinctual living.\", \"the_great_apes\": \"The ape tribes that raised Enkidu possess their own complex social structures, with hierarchies based on strength, wisdom, and family bonds. They have accepted Enkidu as a strange, weak member of their group, giving him the name 'Tarzan' (meaning 'white-skin' in their gestural communication). Their society values loyalty, territory, and the protection of young above all else.\"}",
    "history": "{\"era_of_arrival\": \"Approximately 450,000 years before the story begins, the Anunnaki first arrived on Earth, fleeing environmental catastrophe on Nibiru. Their planet's atmosphere was deteriorating, and they discovered that suspended gold particles could repair the damage. Earth was identified as a gold-rich world with no sentient opposition.\", \"the_igigi_rebellion\": \"For 100,000 years, lower-caste Anunnaki (the Igigi) performed the brutal mining work. Eventually, they revolted against the harsh conditions, refusing to continue. This crisis prompted the chief scientist Enki to propose a radical solution: creating a worker species from Earth's native hominids.\", \"creation_of_humanity\": \"Using genetic material from Homo erectus and Anunnaki DNA, Enki and his sister Ninmah engineered the first humans\\u2014the Lulu. Early versions were flawed: some couldn't reproduce, others were too intelligent, many died quickly. After generations of refinement, a stable worker population was achieved. The 'Adamu' (first man) and 'Ti-Amat' (first woman) templates became the basis for mass production.\", \"the_expansion\": \"Human populations grew to meet mining demands. Operations expanded across the globe, with regional Anunnaki governors (who would later be remembered as gods in various mythologies) overseeing different territories. Enki, who had grown fond of his creations, secretly began teaching select humans advanced knowledge, planting seeds of independence.\", \"the_awakening\": \"Approximately 1,000 years before the story begins, humans started showing unexpected development\\u2014art, music, abstract thought, and spiritual beliefs emerged spontaneously. The Anunnaki scientific council determined that Enki's genetic tampering had introduced evolutionary acceleration. Debate raged about whether to 'correct' or terminate the experiment.\", \"king_anu_decree\": \"The story begins with King Anu's decision that humanity has become too dangerous to control and must be eliminated. A planned 'cleansing'\\u2014using orbital weapons to trigger catastrophic flooding\\u2014is scheduled. Inanna's rebellion against this decree sets the central conflict in motion.\", \"the_rebellion_period\": \"The events of the story span approximately five years, during which Inanna and Enkidu's resistance grows from two individuals to a movement encompassing thousands of humans and dozens of sympathetic Anunnaki. The conflict escalates from guerrilla jungle warfare to open battle involving orbital platforms and ancient weapons.\"}",
    "rules_and_laws": "{\"the_tablets_of_destiny\": \"All Anunnaki law derives from the Tablets of Destiny\\u2014ancient crystalline data storage devices containing the foundational codes of their civilization. These tablets establish the absolute authority of the royal bloodline, the classification of species and their rights (or lack thereof), and the protocols for genetic manipulation. Possessing or altering the Tablets is the highest crime, punishable by genetic dissolution\\u2014having one's DNA systematically unraveled over centuries.\", \"royal_authority\": \"King Anu's decrees supersede all other law. Regional governors like Enlil (Security Commander) and Enki (Chief Scientist) have broad authority within their domains but cannot contradict royal edicts. The royal family is technically above the law, though severe transgressions (like Inanna's treason) can result in exile, imprisonment, or execution even for princes and princesses.\", \"genetic_crimes\": \"The most serious category of Anunnaki law concerns genetic purity. Hybridization between Anunnaki and 'lesser species' is forbidden under penalty of death for both parties and termination of any offspring. This law exists partly from genuine biological concerns (hybrid instability) and partly from racial supremacist ideology. Inanna's pregnancy represents an unprecedented violation.\", \"human_regulations\": \"Humans have no legal standing\\u2014they are property. However, elaborate protocols govern their treatment to maximize productivity: feeding schedules, breeding permissions, termination procedures, and behavioral modification guidelines. Humans who escape are to be recaptured or killed; those who harm an Anunnaki are subject to public execution as deterrent.\"} {\"the_watchers\": \"Enlil commands a military force called the Watchers\\u2014Anunnaki soldiers equipped with advanced weaponry and surveillance technology. They monitor human populations, hunt escapees, and enforce order. The Watchers have developed a reputation for cruelty, viewing their assignment to Earth as degrading and taking out frustration on humans.\", \"genetic_compliance_division\": \"A scientific-military hybrid organization that ensures genetic laws are followed. They conduct regular DNA screenings of both Anunnaki and humans, track bloodlines, and investigate suspected hybridization. Their authority to detain and examine anyone makes them feared even among Anunnaki nobility.\", \"orbital_justice\": \"For large-scale enforcement, the Anunnaki employ orbital platforms capable of precision strikes or mass destruction. The threat of 'fire from heaven' keeps human populations compliant and serves as ultimate punishment for regions that rebel.\"} {\"ape_society_rules\": \"Among Enkidu's ape family, law is simple and physical. The dominant silverback's decisions are final. Challenges to authority are settled through combat, though killing within the group is rare. Territory is sacred\\u2014boundaries are marked and defended. The young are protected by all adults. Sharing food with family is mandatory; hoarding is punished through ostracism.\", \"free_human_customs\": \"The scattered free human tribes have developed varied legal traditions, but common threads include: blood-debt (crimes against persons must be repaid through service or blood), council of elders (major decisions require group consensus), and exile as the ultimate punishment (worse than death in a dangerous world).\"}",
    "technology_level": "{\"space_travel\": \"Anunnaki vessels range from small personal pods (like the one Inanna steals) to massive motherships capable of interstellar travel. Their propulsion systems manipulate gravitational fields, allowing near-instantaneous travel within solar systems and faster-than-light jumps between stars. The technology is ancient by Anunnaki standards\\u2014they've had spaceflight for millions of years and have largely stopped innovating.\", \"genetic_engineering\": \"The crown jewel of Anunnaki science. They can create life from base elements, modify existing organisms at will, cure virtually any disease, and extend lifespans indefinitely. Their genetic technology created humanity and maintains Anunnaki immortality. However, they've become dependent on these systems\\u2014natural reproduction is rare, and most Anunnaki are 'printed' from approved genetic templates.\", \"weapons_systems\": \"Anunnaki weapons range from personal sidearms that fire concentrated energy to orbital platforms capable of triggering earthquakes, volcanic eruptions, and floods. The 'Divine Weapons' mentioned in later Vedic texts are actually Anunnaki military technology\\u2014the Brahmastra, Pashupatastra, and similar mythological arms are real devices in this world.\", \"communication_and_surveillance\": \"Instantaneous communication across any distance through quantum-entangled networks. Surveillance drones the size of insects monitor human populations. Neural interfaces allow direct mind-to-mind communication between Anunnaki, though this technology is restricted to prevent unauthorized information sharing.\", \"medical_technology\": \"Regeneration chambers can heal virtually any injury. Consciousness can be transferred between bodies if the original is destroyed (though this is expensive and reserved for important individuals). Disease is essentially unknown among the Anunnaki. This technology will later be remembered as the 'immortality of the gods.'\"} {\"enslaved_humans\": \"Slaves are deliberately kept technologically primitive\\u2014they use simple tools provided by overseers and have no access to Anunnaki technology. However, they've learned to repurpose materials: mining tools become weapons, nutritional paste containers become water carriers, and discarded alien components are hoarded as sacred objects.\", \"free_humans\": \"Free human populations have developed stone tools, basic fire use, and primitive shelters. Some groups have discovered metalworking from natural copper and gold deposits. Their most advanced technology is social\\u2014complex language, cooperative hunting strategies, and the beginnings of agriculture. Enkidu, raised without human contact, lacks even these basics but has developed an intuitive understanding of jungle ecology that surpasses any technology.\"} {\"rebel_innovations\": \"As the rebellion grows, sympathetic Anunnaki like Enki provide humans with modified alien technology\\u2014weapons simplified for human use, communication devices, and medical supplies. This 'appropriate technology' transfer becomes crucial to the resistance, though it also creates dependency and internal conflict about whether humans should use 'sky god' tools.\"}",
    "magic_system": "What appears as magic in this world is actually advanced Anunnaki technology or genuine psychic phenomena that both species possess but only humans have begun to develop naturally. {\"anunnaki_telepathy\": \"All Anunnaki possess latent telepathic ability, enhanced through technological implants. They can communicate mind-to-mind, sense emotions, and in some cases influence thoughts. However, millennia of technological dependence have atrophied these natural abilities\\u2014most Anunnaki require devices to use telepathy effectively.\", \"human_potential\": \"Humans were engineered with suppressed psychic genes\\u2014the Anunnaki didn't want telepathic slaves. However, some humans, particularly those raised in isolation like Enkidu, have spontaneously developed these abilities. Enkidu's 'supernatural connection' to animals is actually powerful empathic projection\\u2014he can sense and influence animal emotions, essentially communicating without language.\", \"hybrid_abilities\": \"The child Inanna carries, and later their grandchild, possess unprecedented psychic potential\\u2014combining Anunnaki telepathic heritage with human emotional depth and connection to Earth's biosphere. This hybrid consciousness becomes key to ending the conflict, as it can bridge understanding between species.\"} {\"appearance_vs_reality\": \"To primitive humans, Anunnaki technology is indistinguishable from magic. Flying vessels are divine chariots, energy weapons are thunderbolts, genetic engineering is creation of life, and medical technology is miraculous healing. The Anunnaki deliberately cultivate this perception to maintain control.\", \"the_me\": \"The Anunnaki possess devices called 'ME' (pronounced 'may')\\u2014portable technology packages containing knowledge and tools for specific functions: the ME of kingship, the ME of warfare, the ME of music, etc. These will later be remembered as divine gifts or magical artifacts. Inanna's theft of several ME becomes crucial to the rebellion.\"} {\"planetary_consciousness\": \"Earth itself possesses a form of consciousness\\u2014a biospheric awareness that the Anunnaki have never encountered on other worlds. Humans, as native-derived beings, can tap into this consciousness through meditation, ritual, or extreme emotional states. Enkidu's jungle mastery partly derives from his unconscious connection to this planetary mind.\", \"sacred_sites\": \"Certain locations on Earth serve as nodes of this consciousness\\u2014places where the planetary awareness is strongest. These sites (which will later become locations of temples and sacred groves) amplify psychic abilities and resist Anunnaki technology. The rebellion establishes bases at several such locations.\"}",
    "key_locations": "{\"nibiru_orbital_station\": \"The primary Anunnaki command center orbiting Earth, this massive structure serves as King Anu's throne when he visits the planet. It houses the royal court, military command, and the genetic archives containing templates for all created species. The station can be seen from Earth's surface as an unusually bright 'star' that moves against the fixed heavens.\", \"the_edin_complex\": \"The largest mining and human breeding operation on Earth, located in the fertile crescent. Above ground, it appears as a gleaming city of impossible architecture\\u2014pyramidal structures, floating platforms, and gardens that defy gravity. Below ground extends miles of mining tunnels worked by tens of thousands of human slaves. Inanna spent much of her youth here, watching humans from observation decks.\", \"abzu_laboratory\": \"Enki's personal research facility, hidden beneath the waters of what will become the Persian Gulf. Here, humanity was created, and here Enki continues secret experiments to enhance human potential. The facility is disguised as a natural underwater formation and serves as a refuge for the rebellion.\", \"enlil_fortress\": \"The military headquarters of Earth operations, built into a mountain range in the region that will become the Zagros Mountains. From here, Enlil coordinates the Watchers and plans the eventual human extermination. The fortress is considered impregnable, protected by energy shields and weapons platforms.\"} {\"the_heart_of_the_jungle\": \"The deepest, oldest part of the primordial forest where Enkidu was raised. No Anunnaki has ever penetrated this region\\u2014their technology malfunctions near its center due to intense Earth-consciousness energy. Ancient trees here have witnessed millions of years of evolution. The great apes consider it sacred ground, and it becomes the spiritual center of the rebellion.\", \"the_thunder_falls\": \"A massive waterfall system where multiple rivers converge before plunging into a mile-deep canyon. The constant mist creates permanent rainbows, and the roar can be heard for dozens of miles. Enkidu and Inanna's wedding ceremony takes place here, witnessed by his ape family. The location later becomes a symbol of human-Anunnaki unity.\", \"the_bone_valley\": \"A natural formation where ancient creatures came to die for millions of years, creating a landscape of fossilized remains. Free humans consider it haunted and avoid it, but it becomes a crucial hiding place for the rebellion\\u2014the Anunnaki's life-sign sensors cannot distinguish living beings from the organic signatures of countless bones.\", \"the_fire_mountains\": \"A chain of active volcanoes that the Anunnaki avoid due to unpredictable eruptions. Human refugees have learned to live in caves warmed by geothermal activity, using the volcanic gases to mask their presence from sensors. The mountains also provide obsidian for weapons and rare minerals for trade.\"} {\"the_first_garden\": \"The location where the original Adamu and Ti-Amat were created\\u2014now abandoned and overgrown but still resonating with genetic energy. Pilgrimage here becomes important to the rebellion, as humans seek connection to their origins. Inanna and Enkidu's grandchild is eventually born here, completing a cycle.\", \"the_star_stones\": \"A natural formation of standing stones that align with Nibiru's orbital path. Humans have gathered here for generations during the planet's closest approach, developing rituals and beliefs around the 'returning star.' The site becomes a meeting place for rebel cells from across the globe.\"}",
    "flora_and_fauna": "{\"the_great_apes\": \"Multiple species of intelligent apes inhabit the primordial jungle, including Enkidu's adoptive family\\u2014a species of giant silverbacks standing over eight feet tall. These apes possess complex social structures, use simple tools, and communicate through an elaborate system of gestures, vocalizations, and facial expressions. Their intelligence approaches human levels, and some rebel theorists believe they represent an alternative path of evolution.\", \"thunder_lizards\": \"Remnant populations of large reptiles survive in isolated jungle regions\\u2014not true dinosaurs, but massive crocodilians, monitor lizards, and giant tortoises that will become extinct before human civilization rises. The great apes have learned to avoid their territories, and Enkidu's knowledge of these creatures' behaviors saves Inanna's life multiple times.\", \"the_mammoth_herds\": \"In the cooler northern regions, vast herds of mammoths and mastodons roam grasslands. Free human tribes have developed hunting relationships with these creatures, following their migrations and using every part of killed animals. Mammoth ivory becomes a valuable trade good.\", \"terror_birds\": \"Flightless predatory birds standing twelve feet tall hunt in packs across the open plains. Their speed and ferocity make them feared by humans and apes alike. However, Enkidu discovers they can be distracted by specific sounds, knowledge that proves useful in rebel operations.\"} {\"the_canopy_world\": \"The upper levels of the primordial jungle form a separate ecosystem\\u2014a world of brilliant birds, gliding mammals, and flowering plants that never touch the ground. Enkidu moves through this realm as easily as the forest floor, using vine highways and branch bridges known only to the apes.\", \"the_forest_floor\": \"In the perpetual twilight beneath the canopy, fungi the size of trees process fallen organic matter, while massive insects and small mammals navigate the root systems. Bioluminescent organisms provide eerie illumination at night. Many plants here have medicinal properties that Enkidu has learned to use.\", \"the_river_systems\": \"Waterways teem with fish species of incredible variety, from tiny luminescent swimmers to armored giants that can capsize boats. River dolphins communicate across vast distances, and their songs serve as an early warning system for the rebellion\\u2014they've learned to associate Anunnaki vessels with danger.\"} {\"guardian_beasts\": \"The Anunnaki have created genetically modified animals to guard their installations\\u2014chimeric creatures combining traits of multiple species. These beasts are controlled through implanted obedience chips, but rebels have learned that strong electromagnetic pulses can disable the chips, causing the creatures to flee or turn on their masters.\", \"the_food_plants\": \"Human slaves are fed nutritional paste derived from engineered algae and fungi that grow in underground vats. These organisms are optimized for caloric density and can be flavored to prevent complete dietary boredom. Free humans consider this food an abomination and refuse to eat it even when starving.\", \"the_gold_trees\": \"Enki's most ambitious project\\u2014plants engineered to absorb gold from soil and concentrate it in their tissues. These trees were intended to supplement mining but proved too slow for practical use. However, they've spread beyond their intended area, and their golden leaves become symbols of the rebellion.\"}",
    "languages": "{\"emegir\": \"The formal language of the Anunnaki empire, Emegir is an ancient tongue that has remained essentially unchanged for millions of years. Its written form uses a cuneiform-like script pressed into clay or crystal tablets. The language has no words for many human concepts\\u2014'freedom,' 'hope,' and 'love' must be expressed through lengthy circumlocutions. Inanna's growing fluency in human emotional vocabulary represents her cultural transformation.\", \"technical_dialect\": \"Scientific and military Anunnaki use specialized vocabularies incomprehensible to outsiders. These dialects incorporate mathematical notation and genetic code references, allowing precise communication about complex topics. Rebels who learn these dialects gain crucial advantages in understanding captured documents.\", \"telepathic_communication\": \"Beyond verbal language, Anunnaki communicate through direct mental contact\\u2014sharing images, emotions, and concepts instantaneously. This makes deception difficult among themselves but also means they underestimate the power of human verbal manipulation and coded speech.\"} {\"proto_speech\": \"Enslaved humans speak simplified versions of Emegir, stripped of complex grammar and limited to vocabulary necessary for following orders. However, they've developed hidden layers of meaning\\u2014tones, gestures, and context that convey messages their masters cannot understand. This 'slave tongue' becomes the foundation for rebellion communication.\", \"free_human_tongues\": \"Isolated human populations have developed diverse languages with no relation to Emegir. These tongues are rich in nature vocabulary, spiritual concepts, and emotional nuance. The rebellion faces significant challenges in coordinating groups who cannot understand each other, leading to the development of a pidgin trade language.\", \"enkidu_s_communication\": \"Raised without human language, Enkidu communicates through the gestural and vocal system of the great apes\\u2014a sophisticated language of body position, facial expression, hand signals, and varied calls. Inanna must learn this system before she can teach him Emegir, and the process transforms her understanding of communication itself.\"} {\"anunnaki_script\": \"The wedge-shaped writing of the Anunnaki will later influence Sumerian cuneiform. It can be pressed into clay, carved into stone, or encoded in crystal matrices. The script includes both phonetic and ideographic elements, with special symbols for genetic sequences and mathematical concepts.\", \"human_proto_writing\": \"Free humans have begun developing pictographic systems\\u2014marks on cave walls, notches on bones, and arrangements of stones that convey meaning. The Children of Enki secretly teach more advanced writing, creating a literate class among the rebellion.\", \"the_jungle_signs\": \"Enkidu's ape family uses environmental markers\\u2014broken branches, scratched bark, arranged stones\\u2014to communicate across their territory. This system, expanded and codified, becomes the rebellion's method of leaving messages that Anunnaki technology cannot detect or interpret.\"}",
    "religions_and_beliefs": "{\"the_cult_of_order\": \"Anunnaki religion centers on the concept of 'ME'\\u2014divine order, the proper arrangement of all things. They believe the universe tends toward chaos and that their role is to impose and maintain structure. This belief justifies their empire, their genetic engineering, and their treatment of 'lesser' species. Deviation from established order is not merely illegal but spiritually wrong.\", \"ancestor_veneration\": \"The Anunnaki worship their own ancient progenitors\\u2014the first beings who achieved technological transcendence millions of years ago. These 'Elder Ones' are believed to have ascended to a higher plane of existence, and Anunnaki rituals seek to honor and eventually join them. The possibility that humans might achieve similar transcendence is deeply threatening to this worldview.\", \"nibiru_mysticism\": \"The home planet holds sacred significance beyond its physical importance. Nibiru's long orbital period (3,600 Earth years) structures Anunnaki religious calendars and prophecy. The planet's periodic approach to Earth is marked by elaborate ceremonies, and its eventual return during the story's climax carries apocalyptic weight.\"} {\"sky_god_fear\": \"Enslaved humans have developed a religion of fear\\u2014the sky gods are powerful, capricious beings who must be appeased through obedience and sacrifice. This belief system, deliberately encouraged by the Anunnaki, keeps slaves compliant. However, it also preserves memory of Anunnaki capabilities, knowledge that proves useful to the rebellion.\", \"nature_spirits\": \"Free humans practice animistic beliefs, seeing consciousness in rivers, trees, mountains, and animals. Shamans communicate with these spirits through trance states, gaining practical knowledge about weather, animal behavior, and plant medicine. The rebellion recognizes these practices as genuine connection to Earth's consciousness.\", \"the_return_prophecy\": \"Across human populations, prophecies speak of a time when the sky gods will be overthrown\\u2014sometimes by a hero from the jungle, sometimes by a child of mixed blood, sometimes by the Earth itself rising in anger. The rebellion carefully cultivates and interprets these prophecies to build support.\", \"ape_spirituality\": \"Enkidu's ape family practices rituals around death, birth, and seasonal changes that suggest genuine spiritual awareness. They revere the oldest trees, avoid certain 'haunted' locations, and perform ceremonies during thunderstorms. Their marriage ritual\\u2014which joins Enkidu and Inanna\\u2014involves the entire group in a night-long celebration of bonding.\"} {\"the_hybrid_faith\": \"As the rebellion grows, a new belief system emerges combining Anunnaki cosmic knowledge with human spiritual depth. This faith sees consciousness as universal, evolution as sacred, and the conflict as a necessary birth-pain of a new cosmic order. The hybrid child becomes its central figure\\u2014not a god to be worshipped, but a bridge between worlds.\"}",
    "economy": "{\"gold_standard\": \"The entire Anunnaki presence on Earth exists to extract gold for Nibiru's atmospheric processors. Gold is not merely valuable but existentially necessary\\u2014without it, their home world dies. This single-minded focus shapes all economic activity, with everything else subordinate to mining efficiency.\", \"post_scarcity_illusion\": \"Within Anunnaki society, advanced technology has eliminated material scarcity\\u2014food, shelter, and consumer goods can be produced effortlessly. However, true scarcity exists in status, genetic purity, and access to power. The economy runs on social capital, political favor, and bloodline prestige rather than material wealth.\", \"human_labor_value\": \"Humans are economic units\\u2014their value calculated in gold extracted per calorie consumed. Breeding programs optimize this ratio, and 'inefficient' humans are terminated. The rebellion's economic warfare focuses on disrupting this calculation, making human slaves more costly than they're worth.\"} {\"slave_economy\": \"Enslaved humans have no official economic participation, but underground economies thrive. Favors are traded, small luxuries hoarded and exchanged, and information sold. The most valuable commodity is hope\\u2014stories of escape, news of the rebellion, and promises of eventual freedom.\", \"free_human_trade\": \"Free populations engage in gift economies and barter. Obsidian tools, medicinal plants, preserved meat, and handcrafted items circulate through trade networks spanning thousands of miles. The rebellion uses these networks to move supplies and people.\", \"rebel_economics\": \"The rebellion must balance resource acquisition with operational security. Captured Anunnaki technology is invaluable but dangerous to use. Food production competes with military needs. The movement develops sophisticated logistics, with specialized groups handling supply, distribution, and resource allocation.\"} {\"gold\": \"The most important resource on Earth, gold deposits determine where Anunnaki establish operations. The rebellion targets gold shipments and mining equipment, understanding that economic damage hurts the enemy more than military casualties.\", \"genetic_material\": \"Human and animal DNA is a resource the Anunnaki carefully control. Escaped humans represent lost genetic investment, and unique specimens like Enkidu are extraordinarily valuable. The rebellion protects genetic diversity as a form of wealth.\", \"knowledge\": \"Information is the rebellion's most precious resource\\u2014intelligence about Anunnaki movements, technical knowledge about their systems, and preserved human wisdom. The Children of Enki operate as knowledge bankers, storing and distributing information strategically.\"}",
    "conflicts": "{\"extermination_vs_survival\": \"The primary conflict pits Anunnaki determination to eliminate humanity against human will to survive. King Anu's extermination decree sets an apocalyptic timeline\\u2014the rebellion must either change Anunnaki policy or develop means to survive the coming catastrophe. Stakes could not be higher for either side.\", \"military_asymmetry\": \"The Anunnaki possess overwhelming technological superiority\\u2014orbital weapons, advanced vehicles, energy weapons, and genetic warfare capabilities. Humans have numbers, knowledge of terrain, desperate courage, and the growing support of sympathetic aliens. The conflict resembles guerrilla warfare against an occupying superpower.\", \"escalation_pattern\": \"The war escalates through distinct phases: initial rebellion and crackdown, guerrilla resistance, open warfare, and finally apocalyptic confrontation involving orbital bombardment and planetary-scale flooding. Each escalation forces both sides to commit more resources and accept greater casualties.\"} {\"enlil_vs_enki\": \"The ancient rivalry between the two princes erupts into open conflict. Enlil represents order, purity, and ruthless efficiency; Enki represents creativity, compassion, and willingness to question tradition. Their personal enmity reflects deeper divisions in Anunnaki society about the purpose of their civilization.\", \"royal_family_fracture\": \"Inanna's rebellion splits the royal family. Queen Antu supports her daughter secretly; King Anu wavers between justice and mercy; other royals take sides based on principle or opportunism. The conflict becomes as much civil war as conquest.\", \"generational_divide\": \"Younger Anunnaki, some of whom have spent their entire lives on Earth, increasingly question the extermination policy. They've seen human potential, formed attachments (sometimes romantic) with humans, and doubt their elders' wisdom. This generational conflict provides crucial rebel allies.\"} {\"collaboration_vs_resistance\": \"Not all humans support the rebellion. Some believe resistance is futile and collaboration offers the best chance of survival. Others have been so thoroughly conditioned that they cannot imagine life without Anunnaki masters. The rebellion must fight human collaborators as well as alien oppressors.\", \"cultural_divisions\": \"Free human populations have diverse cultures, languages, and interests that don't automatically align. Uniting them requires diplomatic skill, shared enemies, and the charismatic leadership that Enkidu and Inanna provide. Old feuds and territorial disputes threaten rebel unity.\", \"the_technology_question\": \"Rebels disagree about whether to use captured Anunnaki technology. Purists argue that using alien tools corrupts the movement's purpose; pragmatists insist that refusing advantages is suicidal. This debate reflects deeper questions about what kind of society humans should build after victory.\"} {\"inanna_s_identity\": \"Inanna struggles with her dual nature\\u2014Anunnaki by birth, human by choice. She must prove herself to suspicious humans while accepting that she can never fully return to her own people. Her pregnancy intensifies this conflict, as she carries a child who belongs to neither world.\", \"enkidu_s_humanity\": \"Raised as an ape, Enkidu must learn to be human while retaining the wisdom of his jungle upbringing. Language acquisition opens new worlds but also new sorrows\\u2014he can now understand the full horror of what the Anunnaki have done. His journey from innocence to knowledge parallels humanity's awakening.\", \"the_hybrid_child\": \"The child born to Inanna and Enkidu faces unique challenges\\u2014feared by Anunnaki purists, viewed with suspicion by some humans, and possessing abilities neither species fully understands. The child's struggle for acceptance and purpose drives the story's conclusion and points toward future possibilities.\"}"
}